score_column,count,mean,median,std,min,max
alignment_score,1017,0.3439319742073612,0.34265797127426295,0.08145201750194521,0.034925458349673054,0.7474558907572025
