score_column,count,mean,median,std,min,max
alignment_score,1100,0.34262732024983494,0.342071925591523,0.07956624206426946,0.034925458349673054,0.7474558907572025
